scrambled,original,text
Bence,Bence,"###Human:
Correct this hungarian first name: Bence

###Assistant:
Bence"
Bencé,Bence,"###Human:
Correct this hungarian first name: Bencé

###Assistant:
Bence"
Bencc,Bence,"###Human:
Correct this hungarian first name: Bencc

###Assistant:
Bence"
Benee,Bence,"###Human:
Correct this hungarian first name: Benee

###Assistant:
Bence"
Benoe,Bence,"###Human:
Correct this hungarian first name: Benoe

###Assistant:
Bence"
Bénce,Bence,"###Human:
Correct this hungarian first name: Bénce

###Assistant:
Bence"
Bcnce,Bence,"###Human:
Correct this hungarian first name: Bcnce

###Assistant:
Bence"
Dence,Bence,"###Human:
Correct this hungarian first name: Dence

###Assistant:
Bence"
Pence,Bence,"###Human:
Correct this hungarian first name: Pence

###Assistant:
Bence"
Maté,Máté,"###Human:
Correct this hungarian first name: Maté

###Assistant:
Máté"
Máte,Máté,"###Human:
Correct this hungarian first name: Máte

###Assistant:
Máté"
Máté,Máté,"###Human:
Correct this hungarian first name: Máté

###Assistant:
Máté"
Mátc,Máté,"###Human:
Correct this hungarian first name: Mátc

###Assistant:
Máté"
Bominik,Dominik,"###Human:
Correct this hungarian first name: Bominik

###Assistant:
Dominik"
Dóminik,Dominik,"###Human:
Correct this hungarian first name: Dóminik

###Assistant:
Dominik"
Döminik,Dominik,"###Human:
Correct this hungarian first name: Döminik

###Assistant:
Dominik"
Dőminik,Dominik,"###Human:
Correct this hungarian first name: Dőminik

###Assistant:
Dominik"
Domínik,Dominik,"###Human:
Correct this hungarian first name: Domínik

###Assistant:
Dominik"
Dominík,Dominik,"###Human:
Correct this hungarian first name: Dominík

###Assistant:
Dominik"
Dominik,Dominik,"###Human:
Correct this hungarian first name: Dominik

###Assistant:
Dominik"
Dominlk,Dominik,"###Human:
Correct this hungarian first name: Dominlk

###Assistant:
Dominik"
Dominjk,Dominik,"###Human:
Correct this hungarian first name: Dominjk

###Assistant:
Dominik"
Domlnik,Dominik,"###Human:
Correct this hungarian first name: Domlnik

###Assistant:
Dominik"
Domjnik,Dominik,"###Human:
Correct this hungarian first name: Domjnik

###Assistant:
Dominik"
Pominik,Dominik,"###Human:
Correct this hungarian first name: Pominik

###Assistant:
Dominik"
Levente,Levente,"###Human:
Correct this hungarian first name: Levente

###Assistant:
Levente"
Leventé,Levente,"###Human:
Correct this hungarian first name: Leventé

###Assistant:
Levente"
Leventc,Levente,"###Human:
Correct this hungarian first name: Leventc

###Assistant:
Levente"
Levénte,Levente,"###Human:
Correct this hungarian first name: Levénte

###Assistant:
Levente"
Levcnte,Levente,"###Human:
Correct this hungarian first name: Levcnte

###Assistant:
Levente"
Lévente,Levente,"###Human:
Correct this hungarian first name: Lévente

###Assistant:
Levente"
Lcvente,Levente,"###Human:
Correct this hungarian first name: Lcvente

###Assistant:
Levente"
Nóel,Noel,"###Human:
Correct this hungarian first name: Nóel

###Assistant:
Noel"
Nöel,Noel,"###Human:
Correct this hungarian first name: Nöel

###Assistant:
Noel"
Nőel,Noel,"###Human:
Correct this hungarian first name: Nőel

###Assistant:
Noel"
Noei,Noel,"###Human:
Correct this hungarian first name: Noei

###Assistant:
Noel"
Noeí,Noel,"###Human:
Correct this hungarian first name: Noeí

###Assistant:
Noel"
Noel,Noel,"###Human:
Correct this hungarian first name: Noel

###Assistant:
Noel"
Noél,Noel,"###Human:
Correct this hungarian first name: Noél

###Assistant:
Noel"
Nocl,Noel,"###Human:
Correct this hungarian first name: Nocl

###Assistant:
Noel"
Bániel,Dániel,"###Human:
Correct this hungarian first name: Bániel

###Assistant:
Dániel"
Daniel,Dániel,"###Human:
Correct this hungarian first name: Daniel

###Assistant:
Dániel"
Dáníel,Dániel,"###Human:
Correct this hungarian first name: Dáníel

###Assistant:
Dániel"
Dániei,Dániel,"###Human:
Correct this hungarian first name: Dániei

###Assistant:
Dániel"
Dánieí,Dániel,"###Human:
Correct this hungarian first name: Dánieí

###Assistant:
Dániel"
Dániel,Dániel,"###Human:
Correct this hungarian first name: Dániel

###Assistant:
Dániel"
Dániél,Dániel,"###Human:
Correct this hungarian first name: Dániél

###Assistant:
Dániel"
Dánicl,Dániel,"###Human:
Correct this hungarian first name: Dánicl

###Assistant:
Dániel"
Dánlel,Dániel,"###Human:
Correct this hungarian first name: Dánlel

###Assistant:
Dániel"
Dánjel,Dániel,"###Human:
Correct this hungarian first name: Dánjel

###Assistant:
Dániel"
Pániel,Dániel,"###Human:
Correct this hungarian first name: Pániel

###Assistant:
Dániel"
Zaián,Zalán,"###Human:
Correct this hungarian first name: Zaián

###Assistant:
Zalán"
Zaíán,Zalán,"###Human:
Correct this hungarian first name: Zaíán

###Assistant:
Zalán"
Zalan,Zalán,"###Human:
Correct this hungarian first name: Zalan

###Assistant:
Zalán"
Zalán,Zalán,"###Human:
Correct this hungarian first name: Zalán

###Assistant:
Zalán"
Zálán,Zalán,"###Human:
Correct this hungarian first name: Zálán

###Assistant:
Zalán"
Marceil,Marcell,"###Human:
Correct this hungarian first name: Marceil

###Assistant:
Marcell"
Marceíl,Marcell,"###Human:
Correct this hungarian first name: Marceíl

###Assistant:
Marcell"
Marceli,Marcell,"###Human:
Correct this hungarian first name: Marceli

###Assistant:
Marcell"
Marcelí,Marcell,"###Human:
Correct this hungarian first name: Marcelí

###Assistant:
Marcell"
Marcell,Marcell,"###Human:
Correct this hungarian first name: Marcell

###Assistant:
Marcell"
Marcéll,Marcell,"###Human:
Correct this hungarian first name: Marcéll

###Assistant:
Marcell"
Marccll,Marcell,"###Human:
Correct this hungarian first name: Marccll

###Assistant:
Marcell"
Mareell,Marcell,"###Human:
Correct this hungarian first name: Mareell

###Assistant:
Marcell"
Maroell,Marcell,"###Human:
Correct this hungarian first name: Maroell

###Assistant:
Marcell"
Márcell,Marcell,"###Human:
Correct this hungarian first name: Márcell

###Assistant:
Marcell"
Ólivér,Olivér,"###Human:
Correct this hungarian first name: Ólivér

###Assistant:
Olivér"
Ölivér,Olivér,"###Human:
Correct this hungarian first name: Ölivér

###Assistant:
Olivér"
Őlivér,Olivér,"###Human:
Correct this hungarian first name: Őlivér

###Assistant:
Olivér"
Oiivér,Olivér,"###Human:
Correct this hungarian first name: Oiivér

###Assistant:
Olivér"
Oíivér,Olivér,"###Human:
Correct this hungarian first name: Oíivér

###Assistant:
Olivér"
Olívér,Olivér,"###Human:
Correct this hungarian first name: Olívér

###Assistant:
Olivér"
Oliver,Olivér,"###Human:
Correct this hungarian first name: Oliver

###Assistant:
Olivér"
Olivér,Olivér,"###Human:
Correct this hungarian first name: Olivér

###Assistant:
Olivér"
Olivcr,Olivér,"###Human:
Correct this hungarian first name: Olivcr

###Assistant:
Olivér"
Ollvér,Olivér,"###Human:
Correct this hungarian first name: Ollvér

###Assistant:
Olivér"
Oljvér,Olivér,"###Human:
Correct this hungarian first name: Oljvér

###Assistant:
Olivér"
Adám,Ádám,"###Human:
Correct this hungarian first name: Adám

###Assistant:
Ádám"
Ádam,Ádám,"###Human:
Correct this hungarian first name: Ádam

###Assistant:
Ádám"
Ádám,Ádám,"###Human:
Correct this hungarian first name: Ádám

###Assistant:
Ádám"
Áqám,Ádám,"###Human:
Correct this hungarian first name: Áqám

###Assistant:
Ádám"
Mílán,Milán,"###Human:
Correct this hungarian first name: Mílán

###Assistant:
Milán"
Miián,Milán,"###Human:
Correct this hungarian first name: Miián

###Assistant:
Milán"
Miíán,Milán,"###Human:
Correct this hungarian first name: Miíán

###Assistant:
Milán"
Milan,Milán,"###Human:
Correct this hungarian first name: Milan

###Assistant:
Milán"
Milán,Milán,"###Human:
Correct this hungarian first name: Milán

###Assistant:
Milán"
Mllán,Milán,"###Human:
Correct this hungarian first name: Mllán

###Assistant:
Milán"
Mjlán,Milán,"###Human:
Correct this hungarian first name: Mjlán

###Assistant:
Milán"
Bávid,Dávid,"###Human:
Correct this hungarian first name: Bávid

###Assistant:
Dávid"
David,Dávid,"###Human:
Correct this hungarian first name: David

###Assistant:
Dávid"
Dávíd,Dávid,"###Human:
Correct this hungarian first name: Dávíd

###Assistant:
Dávid"
Dávid,Dávid,"###Human:
Correct this hungarian first name: Dávid

###Assistant:
Dávid"
Dáviq,Dávid,"###Human:
Correct this hungarian first name: Dáviq

###Assistant:
Dávid"
Dávld,Dávid,"###Human:
Correct this hungarian first name: Dávld

###Assistant:
Dávid"
Dávjd,Dávid,"###Human:
Correct this hungarian first name: Dávjd

###Assistant:
Dávid"
Pávid,Dávid,"###Human:
Correct this hungarian first name: Pávid

###Assistant:
Dávid"
Bótond,Botond,"###Human:
Correct this hungarian first name: Bótond

###Assistant:
Botond"
Bötond,Botond,"###Human:
Correct this hungarian first name: Bötond

###Assistant:
Botond"
Bőtond,Botond,"###Human:
Correct this hungarian first name: Bőtond

###Assistant:
Botond"
Botónd,Botond,"###Human:
Correct this hungarian first name: Botónd

###Assistant:
Botond"
Botönd,Botond,"###Human:
Correct this hungarian first name: Botönd

###Assistant:
Botond"
Botőnd,Botond,"###Human:
Correct this hungarian first name: Botőnd

###Assistant:
Botond"
Botond,Botond,"###Human:
Correct this hungarian first name: Botond

###Assistant:
Botond"
Botonq,Botond,"###Human:
Correct this hungarian first name: Botonq

###Assistant:
Botond"
Dotond,Botond,"###Human:
Correct this hungarian first name: Dotond

###Assistant:
Botond"
Potond,Botond,"###Human:
Correct this hungarian first name: Potond

###Assistant:
Botond"
Benett,Benett,"###Human:
Correct this hungarian first name: Benett

###Assistant:
Benett"
Benétt,Benett,"###Human:
Correct this hungarian first name: Benétt

###Assistant:
Benett"
Benctt,Benett,"###Human:
Correct this hungarian first name: Benctt

###Assistant:
Benett"
Bénett,Benett,"###Human:
Correct this hungarian first name: Bénett

###Assistant:
Benett"
Bcnett,Benett,"###Human:
Correct this hungarian first name: Bcnett

###Assistant:
Benett"
Denett,Benett,"###Human:
Correct this hungarian first name: Denett

###Assistant:
Benett"
Penett,Benett,"###Human:
Correct this hungarian first name: Penett

###Assistant:
Benett"
Aron,Áron,"###Human:
Correct this hungarian first name: Aron

###Assistant:
Áron"
Árón,Áron,"###Human:
Correct this hungarian first name: Árón

###Assistant:
Áron"
Árön,Áron,"###Human:
Correct this hungarian first name: Árön

###Assistant:
Áron"
Árőn,Áron,"###Human:
Correct this hungarian first name: Árőn

###Assistant:
Áron"
Áron,Áron,"###Human:
Correct this hungarian first name: Áron

###Assistant:
Áron"
Zsómbor,Zsombor,"###Human:
Correct this hungarian first name: Zsómbor

###Assistant:
Zsombor"
Zsömbor,Zsombor,"###Human:
Correct this hungarian first name: Zsömbor

###Assistant:
Zsombor"
Zsőmbor,Zsombor,"###Human:
Correct this hungarian first name: Zsőmbor

###Assistant:
Zsombor"
Zsombór,Zsombor,"###Human:
Correct this hungarian first name: Zsombór

###Assistant:
Zsombor"
Zsombör,Zsombor,"###Human:
Correct this hungarian first name: Zsombör

###Assistant:
Zsombor"
Zsombőr,Zsombor,"###Human:
Correct this hungarian first name: Zsombőr

###Assistant:
Zsombor"
Zsombor,Zsombor,"###Human:
Correct this hungarian first name: Zsombor

###Assistant:
Zsombor"
Zsomqor,Zsombor,"###Human:
Correct this hungarian first name: Zsomqor

###Assistant:
Zsombor"
Baiázs,Balázs,"###Human:
Correct this hungarian first name: Baiázs

###Assistant:
Balázs"
Baíázs,Balázs,"###Human:
Correct this hungarian first name: Baíázs

###Assistant:
Balázs"
Balazs,Balázs,"###Human:
Correct this hungarian first name: Balazs

###Assistant:
Balázs"
Balázs,Balázs,"###Human:
Correct this hungarian first name: Balázs

###Assistant:
Balázs"
Bálázs,Balázs,"###Human:
Correct this hungarian first name: Bálázs

###Assistant:
Balázs"
Dalázs,Balázs,"###Human:
Correct this hungarian first name: Dalázs

###Assistant:
Balázs"
Palázs,Balázs,"###Human:
Correct this hungarian first name: Palázs

###Assistant:
Balázs"
Mark,Márk,"###Human:
Correct this hungarian first name: Mark

###Assistant:
Márk"
Márk,Márk,"###Human:
Correct this hungarian first name: Márk

###Assistant:
Márk"
Béter,Péter,"###Human:
Correct this hungarian first name: Béter

###Assistant:
Péter"
Déter,Péter,"###Human:
Correct this hungarian first name: Déter

###Assistant:
Péter"
Peter,Péter,"###Human:
Correct this hungarian first name: Peter

###Assistant:
Péter"
Péter,Péter,"###Human:
Correct this hungarian first name: Péter

###Assistant:
Péter"
Pétér,Péter,"###Human:
Correct this hungarian first name: Pétér

###Assistant:
Péter"
Pétcr,Péter,"###Human:
Correct this hungarian first name: Pétcr

###Assistant:
Péter"
Pcter,Péter,"###Human:
Correct this hungarian first name: Pcter

###Assistant:
Péter"
Krístóf,Kristóf,"###Human:
Correct this hungarian first name: Krístóf

###Assistant:
Kristóf"
Kristof,Kristóf,"###Human:
Correct this hungarian first name: Kristof

###Assistant:
Kristóf"
Kristöf,Kristóf,"###Human:
Correct this hungarian first name: Kristöf

###Assistant:
Kristóf"
Kristőf,Kristóf,"###Human:
Correct this hungarian first name: Kristőf

###Assistant:
Kristóf"
Kristóf,Kristóf,"###Human:
Correct this hungarian first name: Kristóf

###Assistant:
Kristóf"
Krlstóf,Kristóf,"###Human:
Correct this hungarian first name: Krlstóf

###Assistant:
Kristóf"
Krjstóf,Kristóf,"###Human:
Correct this hungarian first name: Krjstóf

###Assistant:
Kristóf"
Zetény,Zétény,"###Human:
Correct this hungarian first name: Zetény

###Assistant:
Zétény"
Zéteny,Zétény,"###Human:
Correct this hungarian first name: Zéteny

###Assistant:
Zétény"
Zétény,Zétény,"###Human:
Correct this hungarian first name: Zétény

###Assistant:
Zétény"
Zétcny,Zétény,"###Human:
Correct this hungarian first name: Zétcny

###Assistant:
Zétény"
Zctény,Zétény,"###Human:
Correct this hungarian first name: Zctény

###Assistant:
Zétény"
Nímród,Nimród,"###Human:
Correct this hungarian first name: Nímród

###Assistant:
Nimród"
Nimrod,Nimród,"###Human:
Correct this hungarian first name: Nimrod

###Assistant:
Nimród"
Nimröd,Nimród,"###Human:
Correct this hungarian first name: Nimröd

###Assistant:
Nimród"
Nimrőd,Nimród,"###Human:
Correct this hungarian first name: Nimrőd

###Assistant:
Nimród"
Nimród,Nimród,"###Human:
Correct this hungarian first name: Nimród

###Assistant:
Nimród"
Nimróq,Nimród,"###Human:
Correct this hungarian first name: Nimróq

###Assistant:
Nimród"
Nlmród,Nimród,"###Human:
Correct this hungarian first name: Nlmród

###Assistant:
Nimród"
Njmród,Nimród,"###Human:
Correct this hungarian first name: Njmród

###Assistant:
Nimród"
Laszló,László,"###Human:
Correct this hungarian first name: Laszló

###Assistant:
László"
Lászió,László,"###Human:
Correct this hungarian first name: Lászió

###Assistant:
László"
Lászíó,László,"###Human:
Correct this hungarian first name: Lászíó

###Assistant:
László"
Lászlo,László,"###Human:
Correct this hungarian first name: Lászlo

###Assistant:
László"
Lászlö,László,"###Human:
Correct this hungarian first name: Lászlö

###Assistant:
László"
Lászlő,László,"###Human:
Correct this hungarian first name: Lászlő

###Assistant:
László"
László,László,"###Human:
Correct this hungarian first name: László

###Assistant:
László"
Benedek,Benedek,"###Human:
Correct this hungarian first name: Benedek

###Assistant:
Benedek"
Benedék,Benedek,"###Human:
Correct this hungarian first name: Benedék

###Assistant:
Benedek"
Benedck,Benedek,"###Human:
Correct this hungarian first name: Benedck

###Assistant:
Benedek"
Beneqek,Benedek,"###Human:
Correct this hungarian first name: Beneqek

###Assistant:
Benedek"
Benédek,Benedek,"###Human:
Correct this hungarian first name: Benédek

###Assistant:
Benedek"
Bencdek,Benedek,"###Human:
Correct this hungarian first name: Bencdek

###Assistant:
Benedek"
Bénedek,Benedek,"###Human:
Correct this hungarian first name: Bénedek

###Assistant:
Benedek"
Bcnedek,Benedek,"###Human:
Correct this hungarian first name: Bcnedek

###Assistant:
Benedek"
Denedek,Benedek,"###Human:
Correct this hungarian first name: Denedek

###Assistant:
Benedek"
Penedek,Benedek,"###Human:
Correct this hungarian first name: Penedek

###Assistant:
Benedek"
Tamas,Tamás,"###Human:
Correct this hungarian first name: Tamas

###Assistant:
Tamás"
Tamás,Tamás,"###Human:
Correct this hungarian first name: Tamás

###Assistant:
Tamás"
Támás,Tamás,"###Human:
Correct this hungarian first name: Támás

###Assistant:
Tamás"
Gergo,Gergő,"###Human:
Correct this hungarian first name: Gergo

###Assistant:
Gergő"
Gergó,Gergő,"###Human:
Correct this hungarian first name: Gergó

###Assistant:
Gergő"
Gergö,Gergő,"###Human:
Correct this hungarian first name: Gergö

###Assistant:
Gergő"
Gergő,Gergő,"###Human:
Correct this hungarian first name: Gergő

###Assistant:
Gergő"
Gerqő,Gergő,"###Human:
Correct this hungarian first name: Gerqő

###Assistant:
Gergő"
Gérgő,Gergő,"###Human:
Correct this hungarian first name: Gérgő

###Assistant:
Gergő"
Gcrgő,Gergő,"###Human:
Correct this hungarian first name: Gcrgő

###Assistant:
Gergő"
Batrik,Patrik,"###Human:
Correct this hungarian first name: Batrik

###Assistant:
Patrik"
Datrik,Patrik,"###Human:
Correct this hungarian first name: Datrik

###Assistant:
Patrik"
Patrík,Patrik,"###Human:
Correct this hungarian first name: Patrík

###Assistant:
Patrik"
Patrik,Patrik,"###Human:
Correct this hungarian first name: Patrik

###Assistant:
Patrik"
Patrlk,Patrik,"###Human:
Correct this hungarian first name: Patrlk

###Assistant:
Patrik"
Patrjk,Patrik,"###Human:
Correct this hungarian first name: Patrjk

###Assistant:
Patrik"
Pátrik,Patrik,"###Human:
Correct this hungarian first name: Pátrik

###Assistant:
Patrik"
Zente,Zente,"###Human:
Correct this hungarian first name: Zente

###Assistant:
Zente"
Zenté,Zente,"###Human:
Correct this hungarian first name: Zenté

###Assistant:
Zente"
Zentc,Zente,"###Human:
Correct this hungarian first name: Zentc

###Assistant:
Zente"
Zénte,Zente,"###Human:
Correct this hungarian first name: Zénte

###Assistant:
Zente"
Zcnte,Zente,"###Human:
Correct this hungarian first name: Zcnte

###Assistant:
Zente"
Balint,Bálint,"###Human:
Correct this hungarian first name: Balint

###Assistant:
Bálint"
Báiint,Bálint,"###Human:
Correct this hungarian first name: Báiint

###Assistant:
Bálint"
Báíint,Bálint,"###Human:
Correct this hungarian first name: Báíint

###Assistant:
Bálint"
Bálínt,Bálint,"###Human:
Correct this hungarian first name: Bálínt

###Assistant:
Bálint"
Bálint,Bálint,"###Human:
Correct this hungarian first name: Bálint

###Assistant:
Bálint"
Bállnt,Bálint,"###Human:
Correct this hungarian first name: Bállnt

###Assistant:
Bálint"
Báljnt,Bálint,"###Human:
Correct this hungarian first name: Báljnt

###Assistant:
Bálint"
Dálint,Bálint,"###Human:
Correct this hungarian first name: Dálint

###Assistant:
Bálint"
Pálint,Bálint,"###Human:
Correct this hungarian first name: Pálint

###Assistant:
Bálint"
Andras,András,"###Human:
Correct this hungarian first name: Andras

###Assistant:
András"
András,András,"###Human:
Correct this hungarian first name: András

###Assistant:
András"
Anqrás,András,"###Human:
Correct this hungarian first name: Anqrás

###Assistant:
András"
Ándrás,András,"###Human:
Correct this hungarian first name: Ándrás

###Assistant:
András"
Zóltán,Zoltán,"###Human:
Correct this hungarian first name: Zóltán

###Assistant:
Zoltán"
Zöltán,Zoltán,"###Human:
Correct this hungarian first name: Zöltán

###Assistant:
Zoltán"
Zőltán,Zoltán,"###Human:
Correct this hungarian first name: Zőltán

###Assistant:
Zoltán"
Zoitán,Zoltán,"###Human:
Correct this hungarian first name: Zoitán

###Assistant:
Zoltán"
Zoítán,Zoltán,"###Human:
Correct this hungarian first name: Zoítán

###Assistant:
Zoltán"
Zoltan,Zoltán,"###Human:
Correct this hungarian first name: Zoltan

###Assistant:
Zoltán"
Zoltán,Zoltán,"###Human:
Correct this hungarian first name: Zoltán

###Assistant:
Zoltán"
Attíla,Attila,"###Human:
Correct this hungarian first name: Attíla

###Assistant:
Attila"
Attiia,Attila,"###Human:
Correct this hungarian first name: Attiia

###Assistant:
Attila"
Attiía,Attila,"###Human:
Correct this hungarian first name: Attiía

###Assistant:
Attila"
Attila,Attila,"###Human:
Correct this hungarian first name: Attila

###Assistant:
Attila"
Attilá,Attila,"###Human:
Correct this hungarian first name: Attilá

###Assistant:
Attila"
Attlla,Attila,"###Human:
Correct this hungarian first name: Attlla

###Assistant:
Attila"
Attjla,Attila,"###Human:
Correct this hungarian first name: Attjla

###Assistant:
Attila"
Áttila,Attila,"###Human:
Correct this hungarian first name: Áttila

###Assistant:
Attila"
Barnabas,Barnabás,"###Human:
Correct this hungarian first name: Barnabas

###Assistant:
Barnabás"
Barnabás,Barnabás,"###Human:
Correct this hungarian first name: Barnabás

###Assistant:
Barnabás"
Barnaqás,Barnabás,"###Human:
Correct this hungarian first name: Barnaqás

###Assistant:
Barnabás"
Barnábás,Barnabás,"###Human:
Correct this hungarian first name: Barnábás

###Assistant:
Barnabás"
Bárnabás,Barnabás,"###Human:
Correct this hungarian first name: Bárnabás

###Assistant:
Barnabás"
Darnabás,Barnabás,"###Human:
Correct this hungarian first name: Darnabás

###Assistant:
Barnabás"
Parnabás,Barnabás,"###Human:
Correct this hungarian first name: Parnabás

###Assistant:
Barnabás"
Marton,Márton,"###Human:
Correct this hungarian first name: Marton

###Assistant:
Márton"
Mártón,Márton,"###Human:
Correct this hungarian first name: Mártón

###Assistant:
Márton"
Mártön,Márton,"###Human:
Correct this hungarian first name: Mártön

###Assistant:
Márton"
Mártőn,Márton,"###Human:
Correct this hungarian first name: Mártőn

###Assistant:
Márton"
Márton,Márton,"###Human:
Correct this hungarian first name: Márton

###Assistant:
Márton"
Húnor,Hunor,"###Human:
Correct this hungarian first name: Húnor

###Assistant:
Hunor"
Hünor,Hunor,"###Human:
Correct this hungarian first name: Hünor

###Assistant:
Hunor"
Hűnor,Hunor,"###Human:
Correct this hungarian first name: Hűnor

###Assistant:
Hunor"
Hunór,Hunor,"###Human:
Correct this hungarian first name: Hunór

###Assistant:
Hunor"
Hunör,Hunor,"###Human:
Correct this hungarian first name: Hunör

###Assistant:
Hunor"
Hunőr,Hunor,"###Human:
Correct this hungarian first name: Hunőr

###Assistant:
Hunor"
Hunor,Hunor,"###Human:
Correct this hungarian first name: Hunor

###Assistant:
Hunor"
Kórnél,Kornél,"###Human:
Correct this hungarian first name: Kórnél

###Assistant:
Kornél"
Körnél,Kornél,"###Human:
Correct this hungarian first name: Körnél

###Assistant:
Kornél"
Kőrnél,Kornél,"###Human:
Correct this hungarian first name: Kőrnél

###Assistant:
Kornél"
Kornel,Kornél,"###Human:
Correct this hungarian first name: Kornel

###Assistant:
Kornél"
Kornéi,Kornél,"###Human:
Correct this hungarian first name: Kornéi

###Assistant:
Kornél"
Kornéí,Kornél,"###Human:
Correct this hungarian first name: Kornéí

###Assistant:
Kornél"
Kornél,Kornél,"###Human:
Correct this hungarian first name: Kornél

###Assistant:
Kornél"
Korncl,Kornél,"###Human:
Correct this hungarian first name: Korncl

###Assistant:
Kornél"
Martín,Martin,"###Human:
Correct this hungarian first name: Martín

###Assistant:
Martin"
Martin,Martin,"###Human:
Correct this hungarian first name: Martin

###Assistant:
Martin"
Martln,Martin,"###Human:
Correct this hungarian first name: Martln

###Assistant:
Martin"
Martjn,Martin,"###Human:
Correct this hungarian first name: Martjn

###Assistant:
Martin"
Mártin,Martin,"###Human:
Correct this hungarian first name: Mártin

###Assistant:
Martin"
Akos,Ákos,"###Human:
Correct this hungarian first name: Akos

###Assistant:
Ákos"
Ákós,Ákos,"###Human:
Correct this hungarian first name: Ákós

###Assistant:
Ákos"
Ákös,Ákos,"###Human:
Correct this hungarian first name: Ákös

###Assistant:
Ákos"
Ákős,Ákos,"###Human:
Correct this hungarian first name: Ákős

###Assistant:
Ákos"
Ákos,Ákos,"###Human:
Correct this hungarian first name: Ákos

###Assistant:
Ákos"
Gabor,Gábor,"###Human:
Correct this hungarian first name: Gabor

###Assistant:
Gábor"
Gábór,Gábor,"###Human:
Correct this hungarian first name: Gábór

###Assistant:
Gábor"
Gábör,Gábor,"###Human:
Correct this hungarian first name: Gábör

###Assistant:
Gábor"
Gábőr,Gábor,"###Human:
Correct this hungarian first name: Gábőr

###Assistant:
Gábor"
Gábor,Gábor,"###Human:
Correct this hungarian first name: Gábor

###Assistant:
Gábor"
Gáqor,Gábor,"###Human:
Correct this hungarian first name: Gáqor

###Assistant:
Gábor"
Aiex,Alex,"###Human:
Correct this hungarian first name: Aiex

###Assistant:
Alex"
Aíex,Alex,"###Human:
Correct this hungarian first name: Aíex

###Assistant:
Alex"
Alex,Alex,"###Human:
Correct this hungarian first name: Alex

###Assistant:
Alex"
Aléx,Alex,"###Human:
Correct this hungarian first name: Aléx

###Assistant:
Alex"
Alcx,Alex,"###Human:
Correct this hungarian first name: Alcx

###Assistant:
Alex"
Álex,Alex,"###Human:
Correct this hungarian first name: Álex

###Assistant:
Alex"
Ístván,István,"###Human:
Correct this hungarian first name: Ístván

###Assistant:
István"
Istvan,István,"###Human:
Correct this hungarian first name: Istvan

###Assistant:
István"
István,István,"###Human:
Correct this hungarian first name: István

###Assistant:
István"
Jstván,István,"###Human:
Correct this hungarian first name: Jstván

###Assistant:
István"
Vínce,Vince,"###Human:
Correct this hungarian first name: Vínce

###Assistant:
Vince"
Vince,Vince,"###Human:
Correct this hungarian first name: Vince

###Assistant:
Vince"
Vincé,Vince,"###Human:
Correct this hungarian first name: Vincé

###Assistant:
Vince"
Vincc,Vince,"###Human:
Correct this hungarian first name: Vincc

###Assistant:
Vince"
Vinee,Vince,"###Human:
Correct this hungarian first name: Vinee

###Assistant:
Vince"
Vinoe,Vince,"###Human:
Correct this hungarian first name: Vinoe

###Assistant:
Vince"
Vlnce,Vince,"###Human:
Correct this hungarian first name: Vlnce

###Assistant:
Vince"
Vjnce,Vince,"###Human:
Correct this hungarian first name: Vjnce

###Assistant:
Vince"
Úince,Vince,"###Human:
Correct this hungarian first name: Úince

###Assistant:
Vince"
Üince,Vince,"###Human:
Correct this hungarian first name: Üince

###Assistant:
Vince"
Űince,Vince,"###Human:
Correct this hungarian first name: Űince

###Assistant:
Vince"
Uince,Vince,"###Human:
Correct this hungarian first name: Uince

###Assistant:
Vince"
Abel,Ábel,"###Human:
Correct this hungarian first name: Abel

###Assistant:
Ábel"
Ábei,Ábel,"###Human:
Correct this hungarian first name: Ábei

###Assistant:
Ábel"
Ábeí,Ábel,"###Human:
Correct this hungarian first name: Ábeí

###Assistant:
Ábel"
Ábel,Ábel,"###Human:
Correct this hungarian first name: Ábel

###Assistant:
Ábel"
Ábél,Ábel,"###Human:
Correct this hungarian first name: Ábél

###Assistant:
Ábel"
Ábcl,Ábel,"###Human:
Correct this hungarian first name: Ábcl

###Assistant:
Ábel"
Áqel,Ábel,"###Human:
Correct this hungarian first name: Áqel

###Assistant:
Ábel"
Krísztián,Krisztián,"###Human:
Correct this hungarian first name: Krísztián

###Assistant:
Krisztián"
Krisztíán,Krisztián,"###Human:
Correct this hungarian first name: Krisztíán

###Assistant:
Krisztián"
Krisztian,Krisztián,"###Human:
Correct this hungarian first name: Krisztian

###Assistant:
Krisztián"
Krisztián,Krisztián,"###Human:
Correct this hungarian first name: Krisztián

###Assistant:
Krisztián"
Krisztlán,Krisztián,"###Human:
Correct this hungarian first name: Krisztlán

###Assistant:
Krisztián"
Krisztján,Krisztián,"###Human:
Correct this hungarian first name: Krisztján

###Assistant:
Krisztián"
Krlsztián,Krisztián,"###Human:
Correct this hungarian first name: Krlsztián

###Assistant:
Krisztián"
Krjsztián,Krisztián,"###Human:
Correct this hungarian first name: Krjsztián

###Assistant:
Krisztián"
Zsólt,Zsolt,"###Human:
Correct this hungarian first name: Zsólt

###Assistant:
Zsolt"
Zsölt,Zsolt,"###Human:
Correct this hungarian first name: Zsölt

###Assistant:
Zsolt"
Zsőlt,Zsolt,"###Human:
Correct this hungarian first name: Zsőlt

###Assistant:
Zsolt"
Zsoit,Zsolt,"###Human:
Correct this hungarian first name: Zsoit

###Assistant:
Zsolt"
Zsoít,Zsolt,"###Human:
Correct this hungarian first name: Zsoít

###Assistant:
Zsolt"
Zsolt,Zsolt,"###Human:
Correct this hungarian first name: Zsolt

###Assistant:
Zsolt"
Iános,János,"###Human:
Correct this hungarian first name: Iános

###Assistant:
János"
Íános,János,"###Human:
Correct this hungarian first name: Íános

###Assistant:
János"
Janos,János,"###Human:
Correct this hungarian first name: Janos

###Assistant:
János"
Jánós,János,"###Human:
Correct this hungarian first name: Jánós

###Assistant:
János"
Jánös,János,"###Human:
Correct this hungarian first name: Jánös

###Assistant:
János"
Jánős,János,"###Human:
Correct this hungarian first name: Jánős

###Assistant:
János"
János,János,"###Human:
Correct this hungarian first name: János

###Assistant:
János"
Nólen,Nolen,"###Human:
Correct this hungarian first name: Nólen

###Assistant:
Nolen"
Nölen,Nolen,"###Human:
Correct this hungarian first name: Nölen

###Assistant:
Nolen"
Nőlen,Nolen,"###Human:
Correct this hungarian first name: Nőlen

###Assistant:
Nolen"
Noien,Nolen,"###Human:
Correct this hungarian first name: Noien

###Assistant:
Nolen"
Noíen,Nolen,"###Human:
Correct this hungarian first name: Noíen

###Assistant:
Nolen"
Nolen,Nolen,"###Human:
Correct this hungarian first name: Nolen

###Assistant:
Nolen"
Nolén,Nolen,"###Human:
Correct this hungarian first name: Nolén

###Assistant:
Nolen"
Nolcn,Nolen,"###Human:
Correct this hungarian first name: Nolcn

###Assistant:
Nolen"
Erík,Erik,"###Human:
Correct this hungarian first name: Erík

###Assistant:
Erik"
Erik,Erik,"###Human:
Correct this hungarian first name: Erik

###Assistant:
Erik"
Erlk,Erik,"###Human:
Correct this hungarian first name: Erlk

###Assistant:
Erik"
Erjk,Erik,"###Human:
Correct this hungarian first name: Erjk

###Assistant:
Erik"
Érik,Erik,"###Human:
Correct this hungarian first name: Érik

###Assistant:
Erik"
Frik,Erik,"###Human:
Correct this hungarian first name: Frik

###Assistant:
Erik"
Bendeguz,Bendegúz,"###Human:
Correct this hungarian first name: Bendeguz

###Assistant:
Bendegúz"
Bendegüz,Bendegúz,"###Human:
Correct this hungarian first name: Bendegüz

###Assistant:
Bendegúz"
Bendegűz,Bendegúz,"###Human:
Correct this hungarian first name: Bendegűz

###Assistant:
Bendegúz"
Bendegúz,Bendegúz,"###Human:
Correct this hungarian first name: Bendegúz

###Assistant:
Bendegúz"
Bendeqúz,Bendegúz,"###Human:
Correct this hungarian first name: Bendeqúz

###Assistant:
Bendegúz"
Bendégúz,Bendegúz,"###Human:
Correct this hungarian first name: Bendégúz

###Assistant:
Bendegúz"
Bendcgúz,Bendegúz,"###Human:
Correct this hungarian first name: Bendcgúz

###Assistant:
Bendegúz"
Benqegúz,Bendegúz,"###Human:
Correct this hungarian first name: Benqegúz

###Assistant:
Bendegúz"
Béndegúz,Bendegúz,"###Human:
Correct this hungarian first name: Béndegúz

###Assistant:
Bendegúz"
Bcndegúz,Bendegúz,"###Human:
Correct this hungarian first name: Bcndegúz

###Assistant:
Bendegúz"
Dendegúz,Bendegúz,"###Human:
Correct this hungarian first name: Dendegúz

###Assistant:
Bendegúz"
Pendegúz,Bendegúz,"###Human:
Correct this hungarian first name: Pendegúz

###Assistant:
Bendegúz"
Sandor,Sándor,"###Human:
Correct this hungarian first name: Sandor

###Assistant:
Sándor"
Sándór,Sándor,"###Human:
Correct this hungarian first name: Sándór

###Assistant:
Sándor"
Sándör,Sándor,"###Human:
Correct this hungarian first name: Sándör

###Assistant:
Sándor"
Sándőr,Sándor,"###Human:
Correct this hungarian first name: Sándőr

###Assistant:
Sándor"
Sándor,Sándor,"###Human:
Correct this hungarian first name: Sándor

###Assistant:
Sándor"
Sánqor,Sándor,"###Human:
Correct this hungarian first name: Sánqor

###Assistant:
Sándor"
Hanna,Hanna,"###Human:
Correct this hungarian first name: Hanna

###Assistant:
Hanna"
Hanná,Hanna,"###Human:
Correct this hungarian first name: Hanná

###Assistant:
Hanna"
Hánna,Hanna,"###Human:
Correct this hungarian first name: Hánna

###Assistant:
Hanna"
Anna,Anna,"###Human:
Correct this hungarian first name: Anna

###Assistant:
Anna"
Anná,Anna,"###Human:
Correct this hungarian first name: Anná

###Assistant:
Anna"
Ánna,Anna,"###Human:
Correct this hungarian first name: Ánna

###Assistant:
Anna"
Zóé,Zoé,"###Human:
Correct this hungarian first name: Zóé

###Assistant:
Zoé"
Zöé,Zoé,"###Human:
Correct this hungarian first name: Zöé

###Assistant:
Zoé"
Zőé,Zoé,"###Human:
Correct this hungarian first name: Zőé

###Assistant:
Zoé"
Zoe,Zoé,"###Human:
Correct this hungarian first name: Zoe

###Assistant:
Zoé"
Zoé,Zoé,"###Human:
Correct this hungarian first name: Zoé

###Assistant:
Zoé"
Zoc,Zoé,"###Human:
Correct this hungarian first name: Zoc

###Assistant:
Zoé"
Lena,Léna,"###Human:
Correct this hungarian first name: Lena

###Assistant:
Léna"
Léna,Léna,"###Human:
Correct this hungarian first name: Léna

###Assistant:
Léna"
Léná,Léna,"###Human:
Correct this hungarian first name: Léná

###Assistant:
Léna"
Lcna,Léna,"###Human:
Correct this hungarian first name: Lcna

###Assistant:
Léna"
Lúca,Luca,"###Human:
Correct this hungarian first name: Lúca

###Assistant:
Luca"
Lüca,Luca,"###Human:
Correct this hungarian first name: Lüca

###Assistant:
Luca"
Lűca,Luca,"###Human:
Correct this hungarian first name: Lűca

###Assistant:
Luca"
Luca,Luca,"###Human:
Correct this hungarian first name: Luca

###Assistant:
Luca"
Lucá,Luca,"###Human:
Correct this hungarian first name: Lucá

###Assistant:
Luca"
Luea,Luca,"###Human:
Correct this hungarian first name: Luea

###Assistant:
Luca"
Luoa,Luca,"###Human:
Correct this hungarian first name: Luoa

###Assistant:
Luca"
Emma,Emma,"###Human:
Correct this hungarian first name: Emma

###Assistant:
Emma"
Emmá,Emma,"###Human:
Correct this hungarian first name: Emmá

###Assistant:
Emma"
Émma,Emma,"###Human:
Correct this hungarian first name: Émma

###Assistant:
Emma"
Fmma,Emma,"###Human:
Correct this hungarian first name: Fmma

###Assistant:
Emma"
Zsofia,Zsófia,"###Human:
Correct this hungarian first name: Zsofia

###Assistant:
Zsófia"
Zsöfia,Zsófia,"###Human:
Correct this hungarian first name: Zsöfia

###Assistant:
Zsófia"
Zsőfia,Zsófia,"###Human:
Correct this hungarian first name: Zsőfia

###Assistant:
Zsófia"
Zsófía,Zsófia,"###Human:
Correct this hungarian first name: Zsófía

###Assistant:
Zsófia"
Zsófia,Zsófia,"###Human:
Correct this hungarian first name: Zsófia

###Assistant:
Zsófia"
Zsófiá,Zsófia,"###Human:
Correct this hungarian first name: Zsófiá

###Assistant:
Zsófia"
Zsófla,Zsófia,"###Human:
Correct this hungarian first name: Zsófla

###Assistant:
Zsófia"
Zsófja,Zsófia,"###Human:
Correct this hungarian first name: Zsófja

###Assistant:
Zsófia"
Bóglárka,Boglárka,"###Human:
Correct this hungarian first name: Bóglárka

###Assistant:
Boglárka"
Böglárka,Boglárka,"###Human:
Correct this hungarian first name: Böglárka

###Assistant:
Boglárka"
Bőglárka,Boglárka,"###Human:
Correct this hungarian first name: Bőglárka

###Assistant:
Boglárka"
Bogiárka,Boglárka,"###Human:
Correct this hungarian first name: Bogiárka

###Assistant:
Boglárka"
Bogíárka,Boglárka,"###Human:
Correct this hungarian first name: Bogíárka

###Assistant:
Boglárka"
Boglarka,Boglárka,"###Human:
Correct this hungarian first name: Boglarka

###Assistant:
Boglárka"
Boglárka,Boglárka,"###Human:
Correct this hungarian first name: Boglárka

###Assistant:
Boglárka"
Boglárká,Boglárka,"###Human:
Correct this hungarian first name: Boglárká

###Assistant:
Boglárka"
Boqlárka,Boglárka,"###Human:
Correct this hungarian first name: Boqlárka

###Assistant:
Boglárka"
Doglárka,Boglárka,"###Human:
Correct this hungarian first name: Doglárka

###Assistant:
Boglárka"
Poglárka,Boglárka,"###Human:
Correct this hungarian first name: Poglárka

###Assistant:
Boglárka"
Líli,Lili,"###Human:
Correct this hungarian first name: Líli

###Assistant:
Lili"
Liii,Lili,"###Human:
Correct this hungarian first name: Liii

###Assistant:
Lili"
Liíi,Lili,"###Human:
Correct this hungarian first name: Liíi

###Assistant:
Lili"
Lilí,Lili,"###Human:
Correct this hungarian first name: Lilí

###Assistant:
Lili"
Lili,Lili,"###Human:
Correct this hungarian first name: Lili

###Assistant:
Lili"
Lill,Lili,"###Human:
Correct this hungarian first name: Lill

###Assistant:
Lili"
Lilj,Lili,"###Human:
Correct this hungarian first name: Lilj

###Assistant:
Lili"
Llli,Lili,"###Human:
Correct this hungarian first name: Llli

###Assistant:
Lili"
Ljli,Lili,"###Human:
Correct this hungarian first name: Ljli

###Assistant:
Lili"
Míra,Mira,"###Human:
Correct this hungarian first name: Míra

###Assistant:
Mira"
Mira,Mira,"###Human:
Correct this hungarian first name: Mira

###Assistant:
Mira"
Mirá,Mira,"###Human:
Correct this hungarian first name: Mirá

###Assistant:
Mira"
Mlra,Mira,"###Human:
Correct this hungarian first name: Mlra

###Assistant:
Mira"
Mjra,Mira,"###Human:
Correct this hungarian first name: Mjra

###Assistant:
Mira"
Lílien,Lilien,"###Human:
Correct this hungarian first name: Lílien

###Assistant:
Lilien"
Liiien,Lilien,"###Human:
Correct this hungarian first name: Liiien

###Assistant:
Lilien"
Liíien,Lilien,"###Human:
Correct this hungarian first name: Liíien

###Assistant:
Lilien"
Lilíen,Lilien,"###Human:
Correct this hungarian first name: Lilíen

###Assistant:
Lilien"
Lilien,Lilien,"###Human:
Correct this hungarian first name: Lilien

###Assistant:
Lilien"
Lilién,Lilien,"###Human:
Correct this hungarian first name: Lilién

###Assistant:
Lilien"
Lilicn,Lilien,"###Human:
Correct this hungarian first name: Lilicn

###Assistant:
Lilien"
Lillen,Lilien,"###Human:
Correct this hungarian first name: Lillen

###Assistant:
Lilien"
Liljen,Lilien,"###Human:
Correct this hungarian first name: Liljen

###Assistant:
Lilien"
Lllien,Lilien,"###Human:
Correct this hungarian first name: Lllien

###Assistant:
Lilien"
Ljlien,Lilien,"###Human:
Correct this hungarian first name: Ljlien

###Assistant:
Lilien"
Nora,Nóra,"###Human:
Correct this hungarian first name: Nora

###Assistant:
Nóra"
Nöra,Nóra,"###Human:
Correct this hungarian first name: Nöra

###Assistant:
Nóra"
Nőra,Nóra,"###Human:
Correct this hungarian first name: Nőra

###Assistant:
Nóra"
Nóra,Nóra,"###Human:
Correct this hungarian first name: Nóra

###Assistant:
Nóra"
Nórá,Nóra,"###Human:
Correct this hungarian first name: Nórá

###Assistant:
Nóra"
Laúra,Laura,"###Human:
Correct this hungarian first name: Laúra

###Assistant:
Laura"
Laüra,Laura,"###Human:
Correct this hungarian first name: Laüra

###Assistant:
Laura"
Laűra,Laura,"###Human:
Correct this hungarian first name: Laűra

###Assistant:
Laura"
Laura,Laura,"###Human:
Correct this hungarian first name: Laura

###Assistant:
Laura"
Laurá,Laura,"###Human:
Correct this hungarian first name: Laurá

###Assistant:
Laura"
Láura,Laura,"###Human:
Correct this hungarian first name: Láura

###Assistant:
Laura"
Lara,Lara,"###Human:
Correct this hungarian first name: Lara

###Assistant:
Lara"
Lará,Lara,"###Human:
Correct this hungarian first name: Lará

###Assistant:
Lara"
Lára,Lara,"###Human:
Correct this hungarian first name: Lára

###Assistant:
Lara"
Maia,Maja,"###Human:
Correct this hungarian first name: Maia

###Assistant:
Maja"
Maía,Maja,"###Human:
Correct this hungarian first name: Maía

###Assistant:
Maja"
Maja,Maja,"###Human:
Correct this hungarian first name: Maja

###Assistant:
Maja"
Majá,Maja,"###Human:
Correct this hungarian first name: Majá

###Assistant:
Maja"
Mája,Maja,"###Human:
Correct this hungarian first name: Mája

###Assistant:
Maja"
Fanní,Fanni,"###Human:
Correct this hungarian first name: Fanní

###Assistant:
Fanni"
Fanni,Fanni,"###Human:
Correct this hungarian first name: Fanni

###Assistant:
Fanni"
Fannl,Fanni,"###Human:
Correct this hungarian first name: Fannl

###Assistant:
Fanni"
Fannj,Fanni,"###Human:
Correct this hungarian first name: Fannj

###Assistant:
Fanni"
Fánni,Fanni,"###Human:
Correct this hungarian first name: Fánni

###Assistant:
Fanni"
Eanni,Fanni,"###Human:
Correct this hungarian first name: Eanni

###Assistant:
Fanni"
Éanni,Fanni,"###Human:
Correct this hungarian first name: Éanni

###Assistant:
Fanni"
Iázmin,Jázmin,"###Human:
Correct this hungarian first name: Iázmin

###Assistant:
Jázmin"
Íázmin,Jázmin,"###Human:
Correct this hungarian first name: Íázmin

###Assistant:
Jázmin"
Jazmin,Jázmin,"###Human:
Correct this hungarian first name: Jazmin

###Assistant:
Jázmin"
Jázmín,Jázmin,"###Human:
Correct this hungarian first name: Jázmín

###Assistant:
Jázmin"
Jázmin,Jázmin,"###Human:
Correct this hungarian first name: Jázmin

###Assistant:
Jázmin"
Jázmln,Jázmin,"###Human:
Correct this hungarian first name: Jázmln

###Assistant:
Jázmin"
Jázmjn,Jázmin,"###Human:
Correct this hungarian first name: Jázmjn

###Assistant:
Jázmin"
Ízabella,Izabella,"###Human:
Correct this hungarian first name: Ízabella

###Assistant:
Izabella"
Izabeila,Izabella,"###Human:
Correct this hungarian first name: Izabeila

###Assistant:
Izabella"
Izabeíla,Izabella,"###Human:
Correct this hungarian first name: Izabeíla

###Assistant:
Izabella"
Izabelia,Izabella,"###Human:
Correct this hungarian first name: Izabelia

###Assistant:
Izabella"
Izabelía,Izabella,"###Human:
Correct this hungarian first name: Izabelía

###Assistant:
Izabella"
Izabella,Izabella,"###Human:
Correct this hungarian first name: Izabella

###Assistant:
Izabella"
Izabellá,Izabella,"###Human:
Correct this hungarian first name: Izabellá

###Assistant:
Izabella"
Izabélla,Izabella,"###Human:
Correct this hungarian first name: Izabélla

###Assistant:
Izabella"
Izabclla,Izabella,"###Human:
Correct this hungarian first name: Izabclla

###Assistant:
Izabella"
Izaqella,Izabella,"###Human:
Correct this hungarian first name: Izaqella

###Assistant:
Izabella"
Izábella,Izabella,"###Human:
Correct this hungarian first name: Izábella

###Assistant:
Izabella"
Jzabella,Izabella,"###Human:
Correct this hungarian first name: Jzabella

###Assistant:
Izabella"
Ólívia,Olívia,"###Human:
Correct this hungarian first name: Ólívia

###Assistant:
Olívia"
Ölívia,Olívia,"###Human:
Correct this hungarian first name: Ölívia

###Assistant:
Olívia"
Őlívia,Olívia,"###Human:
Correct this hungarian first name: Őlívia

###Assistant:
Olívia"
Oiívia,Olívia,"###Human:
Correct this hungarian first name: Oiívia

###Assistant:
Olívia"
Oíívia,Olívia,"###Human:
Correct this hungarian first name: Oíívia

###Assistant:
Olívia"
Olivia,Olívia,"###Human:
Correct this hungarian first name: Olivia

###Assistant:
Olívia"
Olívía,Olívia,"###Human:
Correct this hungarian first name: Olívía

###Assistant:
Olívia"
Olívia,Olívia,"###Human:
Correct this hungarian first name: Olívia

###Assistant:
Olívia"
Olíviá,Olívia,"###Human:
Correct this hungarian first name: Olíviá

###Assistant:
Olívia"
Olívla,Olívia,"###Human:
Correct this hungarian first name: Olívla

###Assistant:
Olívia"
Olívja,Olívia,"###Human:
Correct this hungarian first name: Olívja

###Assistant:
Olívia"
Ollvia,Olívia,"###Human:
Correct this hungarian first name: Ollvia

###Assistant:
Olívia"
Oljvia,Olívia,"###Human:
Correct this hungarian first name: Oljvia

###Assistant:
Olívia"
Sara,Sára,"###Human:
Correct this hungarian first name: Sara

###Assistant:
Sára"
Sára,Sára,"###Human:
Correct this hungarian first name: Sára

###Assistant:
Sára"
Sárá,Sára,"###Human:
Correct this hungarian first name: Sárá

###Assistant:
Sára"
Greta,Gréta,"###Human:
Correct this hungarian first name: Greta

###Assistant:
Gréta"
Gréta,Gréta,"###Human:
Correct this hungarian first name: Gréta

###Assistant:
Gréta"
Grétá,Gréta,"###Human:
Correct this hungarian first name: Grétá

###Assistant:
Gréta"
Grcta,Gréta,"###Human:
Correct this hungarian first name: Grcta

###Assistant:
Gréta"
Aiíz,Alíz,"###Human:
Correct this hungarian first name: Aiíz

###Assistant:
Alíz"
Aííz,Alíz,"###Human:
Correct this hungarian first name: Aííz

###Assistant:
Alíz"
Aliz,Alíz,"###Human:
Correct this hungarian first name: Aliz

###Assistant:
Alíz"
Alíz,Alíz,"###Human:
Correct this hungarian first name: Alíz

###Assistant:
Alíz"
Allz,Alíz,"###Human:
Correct this hungarian first name: Allz

###Assistant:
Alíz"
Aljz,Alíz,"###Human:
Correct this hungarian first name: Aljz

###Assistant:
Alíz"
Álíz,Alíz,"###Human:
Correct this hungarian first name: Álíz

###Assistant:
Alíz"
Adel,Adél,"###Human:
Correct this hungarian first name: Adel

###Assistant:
Adél"
Adéi,Adél,"###Human:
Correct this hungarian first name: Adéi

###Assistant:
Adél"
Adéí,Adél,"###Human:
Correct this hungarian first name: Adéí

###Assistant:
Adél"
Adél,Adél,"###Human:
Correct this hungarian first name: Adél

###Assistant:
Adél"
Adcl,Adél,"###Human:
Correct this hungarian first name: Adcl

###Assistant:
Adél"
Aqél,Adél,"###Human:
Correct this hungarian first name: Aqél

###Assistant:
Adél"
Ádél,Adél,"###Human:
Correct this hungarian first name: Ádél

###Assistant:
Adél"
Lílla,Lilla,"###Human:
Correct this hungarian first name: Lílla

###Assistant:
Lilla"
Liila,Lilla,"###Human:
Correct this hungarian first name: Liila

###Assistant:
Lilla"
Liíla,Lilla,"###Human:
Correct this hungarian first name: Liíla

###Assistant:
Lilla"
Lilia,Lilla,"###Human:
Correct this hungarian first name: Lilia

###Assistant:
Lilla"
Lilía,Lilla,"###Human:
Correct this hungarian first name: Lilía

###Assistant:
Lilla"
Lilla,Lilla,"###Human:
Correct this hungarian first name: Lilla

###Assistant:
Lilla"
Lillá,Lilla,"###Human:
Correct this hungarian first name: Lillá

###Assistant:
Lilla"
Lllla,Lilla,"###Human:
Correct this hungarian first name: Lllla

###Assistant:
Lilla"
Ljlla,Lilla,"###Human:
Correct this hungarian first name: Ljlla

###Assistant:
Lilla"
Líza,Liza,"###Human:
Correct this hungarian first name: Líza

###Assistant:
Liza"
Liza,Liza,"###Human:
Correct this hungarian first name: Liza

###Assistant:
Liza"
Lizá,Liza,"###Human:
Correct this hungarian first name: Lizá

###Assistant:
Liza"
Llza,Liza,"###Human:
Correct this hungarian first name: Llza

###Assistant:
Liza"
Ljza,Liza,"###Human:
Correct this hungarian first name: Ljza

###Assistant:
Liza"
Fióra,Flóra,"###Human:
Correct this hungarian first name: Fióra

###Assistant:
Flóra"
Fíóra,Flóra,"###Human:
Correct this hungarian first name: Fíóra

###Assistant:
Flóra"
Flora,Flóra,"###Human:
Correct this hungarian first name: Flora

###Assistant:
Flóra"
Flöra,Flóra,"###Human:
Correct this hungarian first name: Flöra

###Assistant:
Flóra"
Flőra,Flóra,"###Human:
Correct this hungarian first name: Flőra

###Assistant:
Flóra"
Flóra,Flóra,"###Human:
Correct this hungarian first name: Flóra

###Assistant:
Flóra"
Flórá,Flóra,"###Human:
Correct this hungarian first name: Flórá

###Assistant:
Flóra"
Elóra,Flóra,"###Human:
Correct this hungarian first name: Elóra

###Assistant:
Flóra"
Élóra,Flóra,"###Human:
Correct this hungarian first name: Élóra

###Assistant:
Flóra"
Borka,Dorka,"###Human:
Correct this hungarian first name: Borka

###Assistant:
Dorka"
Dórka,Dorka,"###Human:
Correct this hungarian first name: Dórka

###Assistant:
Dorka"
Dörka,Dorka,"###Human:
Correct this hungarian first name: Dörka

###Assistant:
Dorka"
Dőrka,Dorka,"###Human:
Correct this hungarian first name: Dőrka

###Assistant:
Dorka"
Dorka,Dorka,"###Human:
Correct this hungarian first name: Dorka

###Assistant:
Dorka"
Dorká,Dorka,"###Human:
Correct this hungarian first name: Dorká

###Assistant:
Dorka"
Porka,Dorka,"###Human:
Correct this hungarian first name: Porka

###Assistant:
Dorka"
Zseiyke,Zselyke,"###Human:
Correct this hungarian first name: Zseiyke

###Assistant:
Zselyke"
Zseíyke,Zselyke,"###Human:
Correct this hungarian first name: Zseíyke

###Assistant:
Zselyke"
Zselyke,Zselyke,"###Human:
Correct this hungarian first name: Zselyke

###Assistant:
Zselyke"
Zselyké,Zselyke,"###Human:
Correct this hungarian first name: Zselyké

###Assistant:
Zselyke"
Zselykc,Zselyke,"###Human:
Correct this hungarian first name: Zselykc

###Assistant:
Zselyke"
Zsélyke,Zselyke,"###Human:
Correct this hungarian first name: Zsélyke

###Assistant:
Zselyke"
Zsclyke,Zselyke,"###Human:
Correct this hungarian first name: Zsclyke

###Assistant:
Zselyke"
Bóra,Dóra,"###Human:
Correct this hungarian first name: Bóra

###Assistant:
Dóra"
Dora,Dóra,"###Human:
Correct this hungarian first name: Dora

###Assistant:
Dóra"
Döra,Dóra,"###Human:
Correct this hungarian first name: Döra

###Assistant:
Dóra"
Dőra,Dóra,"###Human:
Correct this hungarian first name: Dőra

###Assistant:
Dóra"
Dóra,Dóra,"###Human:
Correct this hungarian first name: Dóra

###Assistant:
Dóra"
Dórá,Dóra,"###Human:
Correct this hungarian first name: Dórá

###Assistant:
Dóra"
Póra,Dóra,"###Human:
Correct this hungarian first name: Póra

###Assistant:
Dóra"
Csenge,Csenge,"###Human:
Correct this hungarian first name: Csenge

###Assistant:
Csenge"
Csengé,Csenge,"###Human:
Correct this hungarian first name: Csengé

###Assistant:
Csenge"
Csengc,Csenge,"###Human:
Correct this hungarian first name: Csengc

###Assistant:
Csenge"
Csenqe,Csenge,"###Human:
Correct this hungarian first name: Csenqe

###Assistant:
Csenge"
Csénge,Csenge,"###Human:
Correct this hungarian first name: Csénge

###Assistant:
Csenge"
Cscnge,Csenge,"###Human:
Correct this hungarian first name: Cscnge

###Assistant:
Csenge"
Ianka,Janka,"###Human:
Correct this hungarian first name: Ianka

###Assistant:
Janka"
Íanka,Janka,"###Human:
Correct this hungarian first name: Íanka

###Assistant:
Janka"
Janka,Janka,"###Human:
Correct this hungarian first name: Janka

###Assistant:
Janka"
Janká,Janka,"###Human:
Correct this hungarian first name: Janká

###Assistant:
Janka"
Jánka,Janka,"###Human:
Correct this hungarian first name: Jánka

###Assistant:
Janka"
Líliána,Liliána,"###Human:
Correct this hungarian first name: Líliána

###Assistant:
Liliána"
Liiiána,Liliána,"###Human:
Correct this hungarian first name: Liiiána

###Assistant:
Liliána"
Liíiána,Liliána,"###Human:
Correct this hungarian first name: Liíiána

###Assistant:
Liliána"
Lilíána,Liliána,"###Human:
Correct this hungarian first name: Lilíána

###Assistant:
Liliána"
Liliana,Liliána,"###Human:
Correct this hungarian first name: Liliana

###Assistant:
Liliána"
Liliána,Liliána,"###Human:
Correct this hungarian first name: Liliána

###Assistant:
Liliána"
Liliáná,Liliána,"###Human:
Correct this hungarian first name: Liliáná

###Assistant:
Liliána"
Lillána,Liliána,"###Human:
Correct this hungarian first name: Lillána

###Assistant:
Liliána"
Liljána,Liliána,"###Human:
Correct this hungarian first name: Liljána

###Assistant:
Liliána"
Llliána,Liliána,"###Human:
Correct this hungarian first name: Llliána

###Assistant:
Liliána"
Ljliána,Liliána,"###Human:
Correct this hungarian first name: Ljliána

###Assistant:
Liliána"
Víktória,Viktória,"###Human:
Correct this hungarian first name: Víktória

###Assistant:
Viktória"
Viktoria,Viktória,"###Human:
Correct this hungarian first name: Viktoria

###Assistant:
Viktória"
Viktöria,Viktória,"###Human:
Correct this hungarian first name: Viktöria

###Assistant:
Viktória"
Viktőria,Viktória,"###Human:
Correct this hungarian first name: Viktőria

###Assistant:
Viktória"
Viktóría,Viktória,"###Human:
Correct this hungarian first name: Viktóría

###Assistant:
Viktória"
Viktória,Viktória,"###Human:
Correct this hungarian first name: Viktória

###Assistant:
Viktória"
Viktóriá,Viktória,"###Human:
Correct this hungarian first name: Viktóriá

###Assistant:
Viktória"
Viktórla,Viktória,"###Human:
Correct this hungarian first name: Viktórla

###Assistant:
Viktória"
Viktórja,Viktória,"###Human:
Correct this hungarian first name: Viktórja

###Assistant:
Viktória"
Vlktória,Viktória,"###Human:
Correct this hungarian first name: Vlktória

###Assistant:
Viktória"
Vjktória,Viktória,"###Human:
Correct this hungarian first name: Vjktória

###Assistant:
Viktória"
Úiktória,Viktória,"###Human:
Correct this hungarian first name: Úiktória

###Assistant:
Viktória"
Üiktória,Viktória,"###Human:
Correct this hungarian first name: Üiktória

###Assistant:
Viktória"
Űiktória,Viktória,"###Human:
Correct this hungarian first name: Űiktória

###Assistant:
Viktória"
Uiktória,Viktória,"###Human:
Correct this hungarian first name: Uiktória

###Assistant:
Viktória"
Szófia,Szofia,"###Human:
Correct this hungarian first name: Szófia

###Assistant:
Szofia"
Szöfia,Szofia,"###Human:
Correct this hungarian first name: Szöfia

###Assistant:
Szofia"
Szőfia,Szofia,"###Human:
Correct this hungarian first name: Szőfia

###Assistant:
Szofia"
Szofía,Szofia,"###Human:
Correct this hungarian first name: Szofía

###Assistant:
Szofia"
Szofia,Szofia,"###Human:
Correct this hungarian first name: Szofia

###Assistant:
Szofia"
Szofiá,Szofia,"###Human:
Correct this hungarian first name: Szofiá

###Assistant:
Szofia"
Szofla,Szofia,"###Human:
Correct this hungarian first name: Szofla

###Assistant:
Szofia"
Szofja,Szofia,"###Human:
Correct this hungarian first name: Szofja

###Assistant:
Szofia"
Reka,Réka,"###Human:
Correct this hungarian first name: Reka

###Assistant:
Réka"
Réka,Réka,"###Human:
Correct this hungarian first name: Réka

###Assistant:
Réka"
Réká,Réka,"###Human:
Correct this hungarian first name: Réká

###Assistant:
Réka"
Rcka,Réka,"###Human:
Correct this hungarian first name: Rcka

###Assistant:
Réka"
Banna,Panna,"###Human:
Correct this hungarian first name: Banna

###Assistant:
Panna"
Danna,Panna,"###Human:
Correct this hungarian first name: Danna

###Assistant:
Panna"
Panna,Panna,"###Human:
Correct this hungarian first name: Panna

###Assistant:
Panna"
Panná,Panna,"###Human:
Correct this hungarian first name: Panná

###Assistant:
Panna"
Pánna,Panna,"###Human:
Correct this hungarian first name: Pánna

###Assistant:
Panna"
Betra,Petra,"###Human:
Correct this hungarian first name: Betra

###Assistant:
Petra"
Detra,Petra,"###Human:
Correct this hungarian first name: Detra

###Assistant:
Petra"
Petra,Petra,"###Human:
Correct this hungarian first name: Petra

###Assistant:
Petra"
Petrá,Petra,"###Human:
Correct this hungarian first name: Petrá

###Assistant:
Petra"
Pétra,Petra,"###Human:
Correct this hungarian first name: Pétra

###Assistant:
Petra"
Pctra,Petra,"###Human:
Correct this hungarian first name: Pctra

###Assistant:
Petra"
Borina,Dorina,"###Human:
Correct this hungarian first name: Borina

###Assistant:
Dorina"
Dórina,Dorina,"###Human:
Correct this hungarian first name: Dórina

###Assistant:
Dorina"
Dörina,Dorina,"###Human:
Correct this hungarian first name: Dörina

###Assistant:
Dorina"
Dőrina,Dorina,"###Human:
Correct this hungarian first name: Dőrina

###Assistant:
Dorina"
Dorína,Dorina,"###Human:
Correct this hungarian first name: Dorína

###Assistant:
Dorina"
Dorina,Dorina,"###Human:
Correct this hungarian first name: Dorina

###Assistant:
Dorina"
Doriná,Dorina,"###Human:
Correct this hungarian first name: Doriná

###Assistant:
Dorina"
Dorlna,Dorina,"###Human:
Correct this hungarian first name: Dorlna

###Assistant:
Dorina"
Dorjna,Dorina,"###Human:
Correct this hungarian first name: Dorjna

###Assistant:
Dorina"
Porina,Dorina,"###Human:
Correct this hungarian first name: Porina

###Assistant:
Dorina"
Natasa,Natasa,"###Human:
Correct this hungarian first name: Natasa

###Assistant:
Natasa"
Natasá,Natasa,"###Human:
Correct this hungarian first name: Natasá

###Assistant:
Natasa"
Natása,Natasa,"###Human:
Correct this hungarian first name: Natása

###Assistant:
Natasa"
Nátasa,Natasa,"###Human:
Correct this hungarian first name: Nátasa

###Assistant:
Natasa"
Bianka,Blanka,"###Human:
Correct this hungarian first name: Bianka

###Assistant:
Blanka"
Bíanka,Blanka,"###Human:
Correct this hungarian first name: Bíanka

###Assistant:
Blanka"
Blanka,Blanka,"###Human:
Correct this hungarian first name: Blanka

###Assistant:
Blanka"
Blanká,Blanka,"###Human:
Correct this hungarian first name: Blanká

###Assistant:
Blanka"
Blánka,Blanka,"###Human:
Correct this hungarian first name: Blánka

###Assistant:
Blanka"
Dlanka,Blanka,"###Human:
Correct this hungarian first name: Dlanka

###Assistant:
Blanka"
Planka,Blanka,"###Human:
Correct this hungarian first name: Planka

###Assistant:
Blanka"
Eszter,Eszter,"###Human:
Correct this hungarian first name: Eszter

###Assistant:
Eszter"
Esztér,Eszter,"###Human:
Correct this hungarian first name: Esztér

###Assistant:
Eszter"
Esztcr,Eszter,"###Human:
Correct this hungarian first name: Esztcr

###Assistant:
Eszter"
Észter,Eszter,"###Human:
Correct this hungarian first name: Észter

###Assistant:
Eszter"
Fszter,Eszter,"###Human:
Correct this hungarian first name: Fszter

###Assistant:
Eszter"
Nóémi,Noémi,"###Human:
Correct this hungarian first name: Nóémi

###Assistant:
Noémi"
Nöémi,Noémi,"###Human:
Correct this hungarian first name: Nöémi

###Assistant:
Noémi"
Nőémi,Noémi,"###Human:
Correct this hungarian first name: Nőémi

###Assistant:
Noémi"
Noemi,Noémi,"###Human:
Correct this hungarian first name: Noemi

###Assistant:
Noémi"
Noémí,Noémi,"###Human:
Correct this hungarian first name: Noémí

###Assistant:
Noémi"
Noémi,Noémi,"###Human:
Correct this hungarian first name: Noémi

###Assistant:
Noémi"
Noéml,Noémi,"###Human:
Correct this hungarian first name: Noéml

###Assistant:
Noémi"
Noémj,Noémi,"###Human:
Correct this hungarian first name: Noémj

###Assistant:
Noémi"
Nocmi,Noémi,"###Human:
Correct this hungarian first name: Nocmi

###Assistant:
Noémi"
Emilia,Emília,"###Human:
Correct this hungarian first name: Emilia

###Assistant:
Emília"
Emíiia,Emília,"###Human:
Correct this hungarian first name: Emíiia

###Assistant:
Emília"
Emííia,Emília,"###Human:
Correct this hungarian first name: Emííia

###Assistant:
Emília"
Emílía,Emília,"###Human:
Correct this hungarian first name: Emílía

###Assistant:
Emília"
Emília,Emília,"###Human:
Correct this hungarian first name: Emília

###Assistant:
Emília"
Emíliá,Emília,"###Human:
Correct this hungarian first name: Emíliá

###Assistant:
Emília"
Emílla,Emília,"###Human:
Correct this hungarian first name: Emílla

###Assistant:
Emília"
Emílja,Emília,"###Human:
Correct this hungarian first name: Emílja

###Assistant:
Emília"
Emllia,Emília,"###Human:
Correct this hungarian first name: Emllia

###Assistant:
Emília"
Emjlia,Emília,"###Human:
Correct this hungarian first name: Emjlia

###Assistant:
Emília"
Émília,Emília,"###Human:
Correct this hungarian first name: Émília

###Assistant:
Emília"
Fmília,Emília,"###Human:
Correct this hungarian first name: Fmília

###Assistant:
Emília"
Bíanka,Bianka,"###Human:
Correct this hungarian first name: Bíanka

###Assistant:
Bianka"
Bianka,Bianka,"###Human:
Correct this hungarian first name: Bianka

###Assistant:
Bianka"
Bianká,Bianka,"###Human:
Correct this hungarian first name: Bianká

###Assistant:
Bianka"
Biánka,Bianka,"###Human:
Correct this hungarian first name: Biánka

###Assistant:
Bianka"
Blanka,Bianka,"###Human:
Correct this hungarian first name: Blanka

###Assistant:
Bianka"
Bjanka,Bianka,"###Human:
Correct this hungarian first name: Bjanka

###Assistant:
Bianka"
Dianka,Bianka,"###Human:
Correct this hungarian first name: Dianka

###Assistant:
Bianka"
Pianka,Bianka,"###Human:
Correct this hungarian first name: Pianka

###Assistant:
Bianka"
Kamílla,Kamilla,"###Human:
Correct this hungarian first name: Kamílla

###Assistant:
Kamilla"
Kamiila,Kamilla,"###Human:
Correct this hungarian first name: Kamiila

###Assistant:
Kamilla"
Kamiíla,Kamilla,"###Human:
Correct this hungarian first name: Kamiíla

###Assistant:
Kamilla"
Kamilia,Kamilla,"###Human:
Correct this hungarian first name: Kamilia

###Assistant:
Kamilla"
Kamilía,Kamilla,"###Human:
Correct this hungarian first name: Kamilía

###Assistant:
Kamilla"
Kamilla,Kamilla,"###Human:
Correct this hungarian first name: Kamilla

###Assistant:
Kamilla"
Kamillá,Kamilla,"###Human:
Correct this hungarian first name: Kamillá

###Assistant:
Kamilla"
Kamllla,Kamilla,"###Human:
Correct this hungarian first name: Kamllla

###Assistant:
Kamilla"
Kamjlla,Kamilla,"###Human:
Correct this hungarian first name: Kamjlla

###Assistant:
Kamilla"
Kámilla,Kamilla,"###Human:
Correct this hungarian first name: Kámilla

###Assistant:
Kamilla"
Szofia,Szófia,"###Human:
Correct this hungarian first name: Szofia

###Assistant:
Szófia"
Szöfia,Szófia,"###Human:
Correct this hungarian first name: Szöfia

###Assistant:
Szófia"
Szőfia,Szófia,"###Human:
Correct this hungarian first name: Szőfia

###Assistant:
Szófia"
Szófía,Szófia,"###Human:
Correct this hungarian first name: Szófía

###Assistant:
Szófia"
Szófia,Szófia,"###Human:
Correct this hungarian first name: Szófia

###Assistant:
Szófia"
Szófiá,Szófia,"###Human:
Correct this hungarian first name: Szófiá

###Assistant:
Szófia"
Szófla,Szófia,"###Human:
Correct this hungarian first name: Szófla

###Assistant:
Szófia"
Szófja,Szófia,"###Human:
Correct this hungarian first name: Szófja

###Assistant:
Szófia"
Vívien,Vivien,"###Human:
Correct this hungarian first name: Vívien

###Assistant:
Vivien"
Vivíen,Vivien,"###Human:
Correct this hungarian first name: Vivíen

###Assistant:
Vivien"
Vivien,Vivien,"###Human:
Correct this hungarian first name: Vivien

###Assistant:
Vivien"
Vivién,Vivien,"###Human:
Correct this hungarian first name: Vivién

###Assistant:
Vivien"
Vivicn,Vivien,"###Human:
Correct this hungarian first name: Vivicn

###Assistant:
Vivien"
Vivlen,Vivien,"###Human:
Correct this hungarian first name: Vivlen

###Assistant:
Vivien"
Vivjen,Vivien,"###Human:
Correct this hungarian first name: Vivjen

###Assistant:
Vivien"
Vlvien,Vivien,"###Human:
Correct this hungarian first name: Vlvien

###Assistant:
Vivien"
Vjvien,Vivien,"###Human:
Correct this hungarian first name: Vjvien

###Assistant:
Vivien"
Úivien,Vivien,"###Human:
Correct this hungarian first name: Úivien

###Assistant:
Vivien"
Üivien,Vivien,"###Human:
Correct this hungarian first name: Üivien

###Assistant:
Vivien"
Űivien,Vivien,"###Human:
Correct this hungarian first name: Űivien

###Assistant:
Vivien"
Uivien,Vivien,"###Human:
Correct this hungarian first name: Uivien

###Assistant:
Vivien"
Rebeka,Rebeka,"###Human:
Correct this hungarian first name: Rebeka

###Assistant:
Rebeka"
Rebeká,Rebeka,"###Human:
Correct this hungarian first name: Rebeká

###Assistant:
Rebeka"
Rebéka,Rebeka,"###Human:
Correct this hungarian first name: Rebéka

###Assistant:
Rebeka"
Rebcka,Rebeka,"###Human:
Correct this hungarian first name: Rebcka

###Assistant:
Rebeka"
Reqeka,Rebeka,"###Human:
Correct this hungarian first name: Reqeka

###Assistant:
Rebeka"
Rébeka,Rebeka,"###Human:
Correct this hungarian first name: Rébeka

###Assistant:
Rebeka"
Rcbeka,Rebeka,"###Human:
Correct this hungarian first name: Rcbeka

###Assistant:
Rebeka"
Eiizabet,Elizabet,"###Human:
Correct this hungarian first name: Eiizabet

###Assistant:
Elizabet"
Eíizabet,Elizabet,"###Human:
Correct this hungarian first name: Eíizabet

###Assistant:
Elizabet"
Elízabet,Elizabet,"###Human:
Correct this hungarian first name: Elízabet

###Assistant:
Elizabet"
Elizabet,Elizabet,"###Human:
Correct this hungarian first name: Elizabet

###Assistant:
Elizabet"
Elizabét,Elizabet,"###Human:
Correct this hungarian first name: Elizabét

###Assistant:
Elizabet"
Elizabct,Elizabet,"###Human:
Correct this hungarian first name: Elizabct

###Assistant:
Elizabet"
Elizaqet,Elizabet,"###Human:
Correct this hungarian first name: Elizaqet

###Assistant:
Elizabet"
Elizábet,Elizabet,"###Human:
Correct this hungarian first name: Elizábet

###Assistant:
Elizabet"
Ellzabet,Elizabet,"###Human:
Correct this hungarian first name: Ellzabet

###Assistant:
Elizabet"
Eljzabet,Elizabet,"###Human:
Correct this hungarian first name: Eljzabet

###Assistant:
Elizabet"
Élizabet,Elizabet,"###Human:
Correct this hungarian first name: Élizabet

###Assistant:
Elizabet"
Flizabet,Elizabet,"###Human:
Correct this hungarian first name: Flizabet

###Assistant:
Elizabet"
Línett,Linett,"###Human:
Correct this hungarian first name: Línett

###Assistant:
Linett"
Linett,Linett,"###Human:
Correct this hungarian first name: Linett

###Assistant:
Linett"
Linétt,Linett,"###Human:
Correct this hungarian first name: Linétt

###Assistant:
Linett"
Linctt,Linett,"###Human:
Correct this hungarian first name: Linctt

###Assistant:
Linett"
Llnett,Linett,"###Human:
Correct this hungarian first name: Llnett

###Assistant:
Linett"
Ljnett,Linett,"###Human:
Correct this hungarian first name: Ljnett

###Assistant:
Linett"
